<?xml version="1.0"?>
<doc>
    <assembly>
        <name>Skybrud.Social.Vimeo</name>
    </assembly>
    <members>
        <member name="T:Skybrud.Social.Vimeo.Endpoints.Raw.VimeoChannelsRawEndpoint">
            <summary>
            Class representing the raw implementation of the <strong>Channels</strong> endpoint.
            </summary>
            <see>
                <cref>https://developer.vimeo.com/api/endpoints/channels</cref>
            </see>
        </member>
        <member name="P:Skybrud.Social.Vimeo.Endpoints.Raw.VimeoChannelsRawEndpoint.Client">
            <summary>
            Gets a reference to the OAuth client.
            </summary>
        </member>
        <member name="M:Skybrud.Social.Vimeo.Endpoints.Raw.VimeoChannelsRawEndpoint.GetInfo(System.Int64)">
            <summary>
            Gets information about the channel with the specified <code>channelId</code>.
            </summary>
            <param name="channelId">The ID of the channel.</param>
            <returns>Returns an instance of <see cref="T:Skybrud.Social.Http.SocialHttpResponse"/> representing the raw response.</returns>
        </member>
        <member name="M:Skybrud.Social.Vimeo.Endpoints.Raw.VimeoChannelsRawEndpoint.GetVideos(Skybrud.Social.Vimeo.Options.Channels.VimeoGetChannelVideosOptions)">
            <summary>
            Gets a list of videos of the channel matching the specified <code>options</code>.
            </summary>
            <param name="options">The options for the call to the API.</param>
            <returns>Returns an instance of <see cref="T:Skybrud.Social.Http.SocialHttpResponse"/> representing the raw response.</returns>
            <see>
                <cref>https://developer.vimeo.com/api/endpoints/channels#/{channel_id}/videos</cref>
            </see>
        </member>
        <member name="T:Skybrud.Social.Vimeo.Endpoints.Raw.VimeoMeRawEndpoint">
            <summary>
            Class representing the raw implementation of the me endpoint.
            </summary>
            <see>
                <cref>https://developer.vimeo.com/api/endpoints/me</cref>
            </see>
        </member>
        <member name="P:Skybrud.Social.Vimeo.Endpoints.Raw.VimeoMeRawEndpoint.Client">
            <summary>
            Gets a reference to the OAuth client.
            </summary>
        </member>
        <member name="M:Skybrud.Social.Vimeo.Endpoints.Raw.VimeoMeRawEndpoint.GetInfo">
            <summary>
            Gets information about the authenticated user.
            </summary>
            <returns>Returns an instance of <see cref="T:Skybrud.Social.Http.SocialHttpResponse"/> representing the raw response.</returns>
            <see>
                <cref>https://developer.vimeo.com/api/endpoints/me#GET/me</cref>
            </see>
        </member>
        <member name="T:Skybrud.Social.Vimeo.Endpoints.Raw.VimeoUsersRawEndpoint">
            <summary>
            Class representing the raw implementation of the users endpoint.
            </summary>
            <see>
                <cref>https://developer.vimeo.com/api/endpoints/users</cref>
            </see>
        </member>
        <member name="P:Skybrud.Social.Vimeo.Endpoints.Raw.VimeoUsersRawEndpoint.Client">
            <summary>
            Gets a reference to the OAuth client.
            </summary>
        </member>
        <member name="M:Skybrud.Social.Vimeo.Endpoints.Raw.VimeoUsersRawEndpoint.GetInfo(System.Int64)">
            <summary>
            Gets information about the user with the specified <paramref name="userId"/>.
            </summary>
            <param name="userId">The ID of the user.</param>
            <returns>An instance of <see cref="T:Skybrud.Social.Http.SocialHttpResponse"/> representing the raw response.</returns>
            <see>
                <cref>https://developer.vimeo.com/api/endpoints/users#/{user_id}</cref>
            </see>
        </member>
        <member name="M:Skybrud.Social.Vimeo.Endpoints.Raw.VimeoUsersRawEndpoint.GetInfo(System.String)">
            <summary>
            Gets information about the user with the specified <paramref name="username"/>.
            </summary>
            <param name="username">The username of the user.</param>
            <returns>An instance of <see cref="T:Skybrud.Social.Http.SocialHttpResponse"/> representing the raw response.</returns>
            <see>
                <cref>https://developer.vimeo.com/api/endpoints/users#/{user_id}</cref>
            </see>
        </member>
        <member name="M:Skybrud.Social.Vimeo.Endpoints.Raw.VimeoUsersRawEndpoint.GetChannels(System.Int64)">
            <summary>
            Gets a list of channels of the user with the specified <paramref name="userId"/>.
            </summary>
            <param name="userId">The ID of the parent user.</param>
            <returns>An instance of <see cref="T:Skybrud.Social.Http.SocialHttpResponse"/> representing the raw response.</returns>
        </member>
        <member name="M:Skybrud.Social.Vimeo.Endpoints.Raw.VimeoUsersRawEndpoint.GetChannels(System.Int64,System.Int32,System.Int32)">
            <summary>
            Gets a list of channels of the user with the specified <paramref name="userId"/>.
            </summary>
            <param name="userId">The ID of the parent user.</param>
            <param name="page">The page to be returned.</param>
            <param name="perPage">The maximum amount of pages to be returned per page.</param>
            <returns>An instance of <see cref="T:Skybrud.Social.Http.SocialHttpResponse"/> representing the raw response.</returns>
        </member>
        <member name="M:Skybrud.Social.Vimeo.Endpoints.Raw.VimeoUsersRawEndpoint.GetChannels(System.String)">
            <summary>
            Gets a list of channels of the user with the specified <paramref name="username"/>.
            </summary>
            <param name="username">The username of the parent user.</param>
            <returns>An instance of <see cref="T:Skybrud.Social.Http.SocialHttpResponse"/> representing the raw response.</returns>
        </member>
        <member name="M:Skybrud.Social.Vimeo.Endpoints.Raw.VimeoUsersRawEndpoint.GetChannels(System.String,System.Int32,System.Int32)">
            <summary>
            Gets a list of channels of the user with the specified <paramref name="username"/>.
            </summary>
            <param name="username">The username of the parent user.</param>
            <param name="page">The page to be returned.</param>
            <param name="perPage">The maximum amount of pages to be returned per page.</param>
            <returns>An instance of <see cref="T:Skybrud.Social.Http.SocialHttpResponse"/> representing the raw response.</returns>
        </member>
        <member name="M:Skybrud.Social.Vimeo.Endpoints.Raw.VimeoUsersRawEndpoint.GetChannels(Skybrud.Social.Vimeo.Options.Users.VimeoGetUserChannelsOptions)">
            <summary>
            Gets a list of user channels matching the specified <paramref name="options"/>.
            </summary>
            <param name="options">The options for call to the API.</param>
            <returns>An instance of <see cref="T:Skybrud.Social.Http.SocialHttpResponse"/> representing the raw response.</returns>
        </member>
        <member name="T:Skybrud.Social.Vimeo.Endpoints.VimeoChannelsEndpoint">
            <summary>
            Class representing the implementation of the <strong>Channels</strong> endpoint.
            </summary>
            <see>
                <cref>https://developer.vimeo.com/api/endpoints/channels</cref>
            </see>
        </member>
        <member name="P:Skybrud.Social.Vimeo.Endpoints.VimeoChannelsEndpoint.Service">
            <summary>
            Gets a reference to the Vimeo service.
            </summary>
        </member>
        <member name="P:Skybrud.Social.Vimeo.Endpoints.VimeoChannelsEndpoint.Raw">
            <summary>
            Gets a reference to the raw endpoint.
            </summary>
        </member>
        <member name="M:Skybrud.Social.Vimeo.Endpoints.VimeoChannelsEndpoint.GetInfo(System.Int64)">
            <summary>
            Gets information about the channel with the specified <code>channelId</code>.
            </summary>
            <param name="channelId">The ID of the user.</param>
            <returns>Returns an instance of <see cref="T:Skybrud.Social.Vimeo.Responses.Channels.VimeoGetChannelResponse"/> representing the response.</returns>
        </member>
        <member name="M:Skybrud.Social.Vimeo.Endpoints.VimeoChannelsEndpoint.GetVideos(Skybrud.Social.Vimeo.Options.Channels.VimeoGetChannelVideosOptions)">
            <summary>
            Gets a list of videos of the channel matching the specified <code>options</code>.
            </summary>
            <param name="options">The options for the call to the API.</param>
            <returns>Returns an instance of <see cref="T:Skybrud.Social.Vimeo.Responses.Channels.VimeoGetChannelVideosResponse"/> representing the response.</returns>
            <see>
                <cref>https://developer.vimeo.com/api/endpoints/channels#/{channel_id}/videos</cref>
            </see>
        </member>
        <member name="T:Skybrud.Social.Vimeo.Endpoints.VimeoMeEndpoint">
            <summary>
            Class representing the implementation of the me endpoint.
            </summary>
            <see>
                <cref>https://developer.vimeo.com/api/endpoints/me</cref>
            </see>
        </member>
        <member name="P:Skybrud.Social.Vimeo.Endpoints.VimeoMeEndpoint.Service">
            <summary>
            Gets a reference to the Vimeo service.
            </summary>
        </member>
        <member name="P:Skybrud.Social.Vimeo.Endpoints.VimeoMeEndpoint.Raw">
            <summary>
            Gets a reference to the raw endpoint.
            </summary>
        </member>
        <member name="M:Skybrud.Social.Vimeo.Endpoints.VimeoMeEndpoint.GetInfo">
            <summary>
            Gets information about the authenticated user.
            </summary>
            <returns>Returns an instance of <see cref="T:Skybrud.Social.Vimeo.Responses.Users.VimeoGetUserResponse"/> representing the response.</returns>
            <see>
                <cref>https://developer.vimeo.com/api/endpoints/me#GET/me</cref>
            </see>
        </member>
        <member name="T:Skybrud.Social.Vimeo.Endpoints.VimeoUsersEndpoint">
            <summary>
            Class representing the implementation of the users endpoint.
            </summary>
            <see>
                <cref>https://developer.vimeo.com/api/endpoints/users</cref>
            </see>
        </member>
        <member name="P:Skybrud.Social.Vimeo.Endpoints.VimeoUsersEndpoint.Service">
            <summary>
            Gets a reference to the Vimeo service.
            </summary>
        </member>
        <member name="P:Skybrud.Social.Vimeo.Endpoints.VimeoUsersEndpoint.Raw">
            <summary>
            Gets a reference to the raw endpoint.
            </summary>
        </member>
        <member name="M:Skybrud.Social.Vimeo.Endpoints.VimeoUsersEndpoint.GetInfo(System.Int64)">
            <summary>
            Gets information about the user with the specified <code>userId</code>.
            </summary>
            <param name="userId">The ID of the user.</param>
            <returns>Returns an instance of <see cref="T:Skybrud.Social.Vimeo.Responses.Users.VimeoGetUserResponse"/> representing the response.</returns>
            <see>
                <cref>https://developer.vimeo.com/api/endpoints/users#/{user_id}</cref>
            </see>
        </member>
        <member name="M:Skybrud.Social.Vimeo.Endpoints.VimeoUsersEndpoint.GetInfo(System.String)">
            <summary>
            Gets information about the user with the specified <code>userId</code>.
            </summary>
            <param name="username">The username of the user.</param>
            <returns>Returns an instance of <see cref="T:Skybrud.Social.Vimeo.Responses.Users.VimeoGetUserResponse"/> representing the response.</returns>
            <see>
                <cref>https://developer.vimeo.com/api/endpoints/users#/{user_id}</cref>
            </see>
        </member>
        <member name="M:Skybrud.Social.Vimeo.Endpoints.VimeoUsersEndpoint.GetChannels(System.Int64)">
            <summary>
            Gets a list of channels of the user with the specified <code>userId</code>.
            </summary>
            <param name="userId">The ID of the parent user.</param>
            <returns>Returns an instance of <see cref="T:Skybrud.Social.Vimeo.Responses.Users.VimeoGetUserChannelsResponse"/> representing the response.</returns>
        </member>
        <member name="M:Skybrud.Social.Vimeo.Endpoints.VimeoUsersEndpoint.GetChannels(System.Int64,System.Int32,System.Int32)">
            <summary>
            Gets a list of channels of the user with the specified <code>userId</code>.
            </summary>
            <param name="userId">The ID of the parent user.</param>
            <param name="page">The page to be returned.</param>
            <param name="perPage">The maximum amount of pages to be returned per page.</param>
            <returns>Returns an instance of <see cref="T:Skybrud.Social.Vimeo.Responses.Users.VimeoGetUserChannelsResponse"/> representing the response.</returns>
        </member>
        <member name="M:Skybrud.Social.Vimeo.Endpoints.VimeoUsersEndpoint.GetChannels(System.String)">
            <summary>
            Gets a list of channels of the user with the specified <code>userId</code>.
            </summary>
            <param name="username">The username of the parent user.</param>
            <returns>Returns an instance of <see cref="T:Skybrud.Social.Vimeo.Responses.Users.VimeoGetUserChannelsResponse"/> representing the response.</returns>
        </member>
        <member name="M:Skybrud.Social.Vimeo.Endpoints.VimeoUsersEndpoint.GetChannels(System.String,System.Int32,System.Int32)">
            <summary>
            Gets a list of channels of the user with the specified <code>userId</code>.
            </summary>
            <param name="username">The username of the parent user.</param>
            <param name="page">The page to be returned.</param>
            <param name="perPage">The maximum amount of pages to be returned per page.</param>
            <returns>Returns an instance of <see cref="T:Skybrud.Social.Vimeo.Responses.Users.VimeoGetUserChannelsResponse"/> representing the response.</returns>
        </member>
        <member name="M:Skybrud.Social.Vimeo.Endpoints.VimeoUsersEndpoint.GetChannels(Skybrud.Social.Vimeo.Options.Users.VimeoGetUserChannelsOptions)">
            <summary>
            Gets a list of user channels matching the specified <code>options</code>.
            </summary>
            <param name="options">The options for call to the API.</param>
            <returns>Returns an instance of <see cref="T:Skybrud.Social.Vimeo.Responses.Users.VimeoGetUserChannelsResponse"/> representing the response.</returns>
        </member>
        <member name="T:Skybrud.Social.Vimeo.Enums.VimeoSortDirection">
            <summary>
            Enumm class indicating a sort order in a collection - eg. videos or channels.
            </summary>
        </member>
        <member name="F:Skybrud.Social.Vimeo.Enums.VimeoSortDirection.Ascending">
            <summary>
            Indicates that a collection should be sorted in ascending order - eg. oldest first.
            </summary>
        </member>
        <member name="F:Skybrud.Social.Vimeo.Enums.VimeoSortDirection.Descending">
            <summary>
            Indicates that a collection should be sorted in descending order - eg. newest first.
            </summary>
        </member>
        <member name="T:Skybrud.Social.Vimeo.Exceptions.VimeoException">
            <summary>
            Class representing an exception based on an error from one of the Vimeo API.
            </summary>
        </member>
        <member name="P:Skybrud.Social.Vimeo.Exceptions.VimeoException.Response">
            <summary>
            Gets a reference to the underlying <see cref="T:Skybrud.Social.Http.SocialHttpResponse"/>.
            </summary>
        </member>
        <member name="P:Skybrud.Social.Vimeo.Exceptions.VimeoException.StatusCode">
            <summary>
            Gets the HTTP status code returned by the Vimeo API.
            </summary>
        </member>
        <member name="P:Skybrud.Social.Vimeo.Exceptions.VimeoException.Error">
            <summary>
            Gets the error.
            </summary>
        </member>
        <member name="P:Skybrud.Social.Vimeo.Exceptions.VimeoException.ErrorDescription">
            <summary>
            Gets the error description.
            </summary>
        </member>
        <member name="M:Skybrud.Social.Vimeo.Exceptions.VimeoException.#ctor(Skybrud.Social.Http.SocialHttpResponse,System.String,System.String)">
            <summary>
            Initializes a new exception based on the specified <code>response</code>.
            </summary>
            <param name="response">The response that contained or triggered the error.</param>
            <param name="error">The error code.</param>
            <param name="errorDescription">The description about the error.</param>
        </member>
        <member name="T:Skybrud.Social.Vimeo.Interfaces.IVimeoOAuthClient">
            <summary>
            Interface describing an OAuth client used for authentication or making requests to the Vimeo API.
            </summary>
        </member>
        <member name="P:Skybrud.Social.Vimeo.Interfaces.IVimeoOAuthClient.Channels">
            <summary>
            Gets a reference to the raw <strong>Channels</strong> endpoint.
            </summary>
        </member>
        <member name="P:Skybrud.Social.Vimeo.Interfaces.IVimeoOAuthClient.Me">
            <summary>
            Gets a reference to the raw <strong>Me</strong> endpoint.
            </summary>
        </member>
        <member name="P:Skybrud.Social.Vimeo.Interfaces.IVimeoOAuthClient.Users">
            <summary>
            Gets a reference to the raw <strong>Users</strong> endpoint.
            </summary>
        </member>
        <member name="M:Skybrud.Social.Vimeo.Interfaces.IVimeoOAuthClient.DoHttpGetRequest(System.String)">
            <summary>
            Makes a HTTP GET request to the specified <code>url</code>.
            </summary>
            <param name="url">The URL of the request.</param>
            <returns>Returns an instance of <see cref="T:Skybrud.Social.Http.SocialHttpResponse"/> representing the response.</returns>
        </member>
        <member name="M:Skybrud.Social.Vimeo.Interfaces.IVimeoOAuthClient.DoHttpGetRequest(System.String,Skybrud.Social.Interfaces.Http.IHttpGetOptions)">
            <summary>
            Makes a HTTP GET request to the specified <code>url</code>.
            </summary>
            <param name="url">The URL of the request.</param>
            <param name="options">The options for the call to the specified <code>url</code>.</param>
            <returns>Returns an instance of <see cref="T:Skybrud.Social.Http.SocialHttpResponse"/> representing the response.</returns>
        </member>
        <member name="T:Skybrud.Social.Vimeo.OAuth1a.VimeoOAuthClient">
            <summary>
            Class for handling authentication and communication with the Vimeo API using OAuth 1.0a.
            </summary>
        </member>
        <member name="P:Skybrud.Social.Vimeo.OAuth1a.VimeoOAuthClient.Channels">
            <summary>
            Gets a reference to the raw <strong>Channels</strong> endpoint.
            </summary>
        </member>
        <member name="P:Skybrud.Social.Vimeo.OAuth1a.VimeoOAuthClient.Me">
            <summary>
            Gets a reference to the raw <strong>Me</strong> endpoint.
            </summary>
        </member>
        <member name="P:Skybrud.Social.Vimeo.OAuth1a.VimeoOAuthClient.Users">
            <summary>
            Gets a reference to the raw <strong>Users</strong> endpoint.
            </summary>
        </member>
        <member name="M:Skybrud.Social.Vimeo.OAuth1a.VimeoOAuthClient.#ctor">
            <summary>
            Initializes a new instance of the <see cref="T:Skybrud.Social.Vimeo.OAuth1a.VimeoOAuthClient"/> class.
            </summary>
        </member>
        <member name="M:Skybrud.Social.Vimeo.OAuth1a.VimeoOAuthClient.#ctor(System.String,System.String)">
            <summary>
            Initializes a new instance of the <see cref="T:Skybrud.Social.Vimeo.OAuth1a.VimeoOAuthClient"/> class.
            </summary>
            <param name="consumerKey">The comsumer key of your application.</param>
            <param name="consumerSecret">The consumer secret of your application.</param>
        </member>
        <member name="M:Skybrud.Social.Vimeo.OAuth1a.VimeoOAuthClient.#ctor(System.String,System.String,System.String,System.String)">
            <summary>
            Initializes a new instance of the <see cref="T:Skybrud.Social.Vimeo.OAuth1a.VimeoOAuthClient"/> class.
            </summary>
            <param name="consumerKey">The comsumer key of your application.</param>
            <param name="consumerSecret">The consumer secret of your application.</param>
            <param name="token">The access token of the user.</param>
            <param name="tokenSecret">The access token secret of the user.</param>
        </member>
        <member name="M:Skybrud.Social.Vimeo.OAuth1a.VimeoOAuthClient.#ctor(System.String,System.String,System.String,System.String,System.String)">
            <summary>
            Initializes a new instance of the <see cref="T:Skybrud.Social.Vimeo.OAuth1a.VimeoOAuthClient"/> class.
            </summary>
            <param name="consumerKey">The comsumer key of your application.</param>
            <param name="consumerSecret">The consumer secret of your application.</param>
            <param name="token">The access token of the user.</param>
            <param name="tokenSecret">The access token secret of the user.</param>
            <param name="callback">The callback URI used for authentication.</param>
        </member>
        <member name="T:Skybrud.Social.Vimeo.OAuth2.VimeoOAuthClient">
            <summary>
            Class for handling the raw communication with the Vimeo API as well as any OAuth 2.0 communication.
            </summary>
        </member>
        <member name="P:Skybrud.Social.Vimeo.OAuth2.VimeoOAuthClient.ClientId">
            <summary>
            Gets or sets the client ID of the app.
            </summary>
        </member>
        <member name="P:Skybrud.Social.Vimeo.OAuth2.VimeoOAuthClient.ClientSecret">
            <summary>
            Gets or sets the client secret of the app.
            </summary>
        </member>
        <member name="P:Skybrud.Social.Vimeo.OAuth2.VimeoOAuthClient.RedirectUri">
            <summary>
            Gets or sets the redirect URI of your application.
            </summary>
        </member>
        <member name="P:Skybrud.Social.Vimeo.OAuth2.VimeoOAuthClient.AccessToken">
            <summary>
            Gets or sets the access token.
            </summary>
        </member>
        <member name="P:Skybrud.Social.Vimeo.OAuth2.VimeoOAuthClient.Channels">
            <summary>
            Gets a reference to the raw <strong>Channels</strong> endpoint.
            </summary>
        </member>
        <member name="P:Skybrud.Social.Vimeo.OAuth2.VimeoOAuthClient.Me">
            <summary>
            Gets a reference to the raw <strong>Me</strong> endpoint.
            </summary>
        </member>
        <member name="P:Skybrud.Social.Vimeo.OAuth2.VimeoOAuthClient.Users">
            <summary>
            Gets a reference to the raw <strong>Users</strong> endpoint.
            </summary>
        </member>
        <member name="M:Skybrud.Social.Vimeo.OAuth2.VimeoOAuthClient.#ctor">
            <summary>
            Initializes a new OAuth client default properties.
            </summary>
        </member>
        <member name="M:Skybrud.Social.Vimeo.OAuth2.VimeoOAuthClient.#ctor(System.String)">
            <summary>
            Initializes a new OAuth client with the specified <code>accessToken</code>.
            </summary>
            <param name="accessToken">A valid access token.</param>
        </member>
        <member name="M:Skybrud.Social.Vimeo.OAuth2.VimeoOAuthClient.#ctor(System.String,System.String)">
            <summary>
            Initializes a new OAuth client with the specified <code>clientId</code> and <code>clientSecret</code>.
            </summary>
            <param name="clientId">The client ID of the app.</param>
            <param name="clientSecret">The client secret of the app.</param>
        </member>
        <member name="M:Skybrud.Social.Vimeo.OAuth2.VimeoOAuthClient.#ctor(System.String,System.String,System.String)">
            <summary>
            Initializes an OAuth client with the specified <code>clientId</code>, <code>clientSecret</code> and
            <code>redirectUri</code>.
            </summary>
            <param name="clientId">The client ID of the app.</param>
            <param name="clientSecret">The client secret of the app.</param>
            <param name="redirectUri">The redirect URI of the app.</param>
        </member>
        <member name="M:Skybrud.Social.Vimeo.OAuth2.VimeoOAuthClient.GetAuthorizationUrl(System.String,System.String)">
            <summary>
            Generates the authorization URL using the specified state and scope.
            </summary>
            <param name="state">The state to send to Vimeo's OAuth login page.</param>
            <param name="scope">The scope of the application.</param>
            <returns>Returns an authorization URL based on <see cref="P:Skybrud.Social.Vimeo.OAuth2.VimeoOAuthClient.ClientId"/>, <see cref="P:Skybrud.Social.Vimeo.OAuth2.VimeoOAuthClient.RedirectUri"/>,
            <code>state</code> and <code>scope</code>.</returns>
        </member>
        <member name="M:Skybrud.Social.Vimeo.OAuth2.VimeoOAuthClient.GetAuthorizationUrl(System.String,Skybrud.Social.Vimeo.Scopes.VimeoScopeCollection)">
            <summary>
            Generates the authorization URL using the specified state and scope.
            </summary>
            <param name="state">The state to send to Vimeo's OAuth login page.</param>
            <param name="scope">The scope of the application.</param>
            <returns>Returns an authorization URL based on <see cref="P:Skybrud.Social.Vimeo.OAuth2.VimeoOAuthClient.ClientId"/>, <see cref="P:Skybrud.Social.Vimeo.OAuth2.VimeoOAuthClient.RedirectUri"/>,
            <code>state</code> and <code>scope</code>.</returns>
        </member>
        <member name="M:Skybrud.Social.Vimeo.OAuth2.VimeoOAuthClient.GetAccessTokenFromAuthCode(System.String)">
            <summary>
            Exchanges the specified authorization code for an access token.
            </summary>
            <param name="authCode">The authorization code received from the Vimeo OAuth dialog.</param>
            <returns>Returns an instance of <see cref="T:Skybrud.Social.Vimeo.Responses.Authentication.VimeoTokenResponse"/> representing the response.</returns>
        </member>
        <member name="M:Skybrud.Social.Vimeo.OAuth2.VimeoOAuthClient.PrepareHttpRequest(Skybrud.Social.Http.SocialHttpRequest)">
            <summary>
            Virtual method that can be used for configuring a request.
            </summary>
            <param name="request">The request.</param>
        </member>
        <member name="T:Skybrud.Social.Vimeo.Objects.Authentication.VimeoApp">
            <summary>
            Class describing a Vimeo app.
            </summary>
        </member>
        <member name="P:Skybrud.Social.Vimeo.Objects.Authentication.VimeoApp.Name">
            <summary>
            Gets the name of the app.
            </summary>
        </member>
        <member name="P:Skybrud.Social.Vimeo.Objects.Authentication.VimeoApp.Uri">
            <summary>
            Gets the URI of the app.
            </summary>
        </member>
        <member name="M:Skybrud.Social.Vimeo.Objects.Authentication.VimeoApp.Parse(Newtonsoft.Json.Linq.JObject)">
            <summary>
            Parses the specified <code>obj</code> into an instance of <see cref="T:Skybrud.Social.Vimeo.Objects.Authentication.VimeoApp"/>.
            </summary>
            <param name="obj">The instance of <see cref="T:Newtonsoft.Json.Linq.JObject"/> to be parsed.</param>
            <returns>Returns an instance of <see cref="T:Skybrud.Social.Vimeo.Objects.Authentication.VimeoApp"/>.</returns>
        </member>
        <member name="T:Skybrud.Social.Vimeo.Objects.Authentication.VimeoToken">
            <summary>
            Class describing an access token received from the Vimeo API.
            </summary>
            <see>
                <cref>https://developer.vimeo.com/api/authentication#receiving-the-access-token-in-the-authentication-response</cref>
            </see>
        </member>
        <member name="P:Skybrud.Social.Vimeo.Objects.Authentication.VimeoToken.AccessToken">
            <summary>
            Gets the access token.
            </summary>
        </member>
        <member name="P:Skybrud.Social.Vimeo.Objects.Authentication.VimeoToken.TokenType">
            <summary>
            Gets the type of the access token.
            </summary>
        </member>
        <member name="P:Skybrud.Social.Vimeo.Objects.Authentication.VimeoToken.Scope">
            <summary>
            Gets a collection of the granted scope.
            </summary>
        </member>
        <member name="P:Skybrud.Social.Vimeo.Objects.Authentication.VimeoToken.App">
            <summary>
            Gets information about the app.
            </summary>
        </member>
        <member name="P:Skybrud.Social.Vimeo.Objects.Authentication.VimeoToken.User">
            <summary>
            Gets information about the authenticated user.
            </summary>
        </member>
        <member name="M:Skybrud.Social.Vimeo.Objects.Authentication.VimeoToken.Parse(Newtonsoft.Json.Linq.JObject)">
            <summary>
            Parses the specified <code>obj</code> into an instance of <see cref="T:Skybrud.Social.Vimeo.Objects.Authentication.VimeoToken"/>.
            </summary>
            <param name="obj">The instance of <see cref="T:Newtonsoft.Json.Linq.JObject"/> to be parsed.</param>
            <returns>Returns an instance of <see cref="T:Skybrud.Social.Vimeo.Objects.Authentication.VimeoToken"/>.</returns>
        </member>
        <member name="T:Skybrud.Social.Vimeo.Objects.Channels.VimeoChannel">
            <summary>
            Class describing a Vimeo channel.
            </summary>
        </member>
        <member name="P:Skybrud.Social.Vimeo.Objects.Channels.VimeoChannel.Id">
            <summary>
            Gets the ID of the channel. The channel isn't directly specified by the Vimeo API, but is derived from the <see cref="P:Skybrud.Social.Vimeo.Objects.Channels.VimeoChannel.Uri"/> property.
            </summary>
        </member>
        <member name="P:Skybrud.Social.Vimeo.Objects.Channels.VimeoChannel.Uri">
            <summary>
            Gets the URI of the Vimeo channel.
            </summary>
        </member>
        <member name="P:Skybrud.Social.Vimeo.Objects.Channels.VimeoChannel.Name">
            <summary>
            Gets the name of the Vimeo channel.
            </summary>
        </member>
        <member name="P:Skybrud.Social.Vimeo.Objects.Channels.VimeoChannel.Description">
            <summary>
            Gets the description of the Vimeo channel.
            </summary>
        </member>
        <member name="P:Skybrud.Social.Vimeo.Objects.Channels.VimeoChannel.HasDescription">
            <summary>
            Gets whether the channel has a description. If true, the description can be read from the
            <see cref="P:Skybrud.Social.Vimeo.Objects.Channels.VimeoChannel.Description"/> property.
            </summary>
        </member>
        <member name="P:Skybrud.Social.Vimeo.Objects.Channels.VimeoChannel.Link">
            <summary>
            Gets the link (URL for the channel page) of the Vimeo channel.
            </summary>
        </member>
        <member name="P:Skybrud.Social.Vimeo.Objects.Channels.VimeoChannel.CreatedTime">
            <summary>
            Gets the timestamp for when the channel was created.
            </summary>
        </member>
        <member name="P:Skybrud.Social.Vimeo.Objects.Channels.VimeoChannel.ModifiedTime">
            <summary>
            Gets the timestamp for when the channel was last modified.
            </summary>
        </member>
        <member name="P:Skybrud.Social.Vimeo.Objects.Channels.VimeoChannel.User">
            <summary>
            Gets information about the owner of the channel.
            </summary>
        </member>
        <member name="P:Skybrud.Social.Vimeo.Objects.Channels.VimeoChannel.Picture">
            <summary>
            Gets the default picture of the channel. Use the <see cref="P:Skybrud.Social.Vimeo.Objects.Channels.VimeoChannel.HasPicture"/> property to check whether the
            channel has a default picture.
            </summary>
        </member>
        <member name="P:Skybrud.Social.Vimeo.Objects.Channels.VimeoChannel.HasPicture">
            <summary>
            Gets whether the channel has a default picture.
            </summary>
        </member>
        <member name="P:Skybrud.Social.Vimeo.Objects.Channels.VimeoChannel.Header">
            <summary>
            Gets information about the header picture of the channel.
            </summary>
        </member>
        <member name="P:Skybrud.Social.Vimeo.Objects.Channels.VimeoChannel.HasHeader">
            <summary>
            Gets whether the channel has header picture.
            </summary>
        </member>
        <member name="P:Skybrud.Social.Vimeo.Objects.Channels.VimeoChannel.Privacy">
            <summary>
            Gets privacy information about the channel.
            </summary>
        </member>
        <member name="P:Skybrud.Social.Vimeo.Objects.Channels.VimeoChannel.ResourceKey">
            <summary>
            Gets the resource key of the channel.
            </summary>
        </member>
        <member name="M:Skybrud.Social.Vimeo.Objects.Channels.VimeoChannel.Parse(Newtonsoft.Json.Linq.JObject)">
            <summary>
            Parses the specified <code>obj</code> into an instance of <see cref="T:Skybrud.Social.Vimeo.Objects.Channels.VimeoChannel"/>.
            </summary>
            <param name="obj">The instance of <see cref="T:Newtonsoft.Json.Linq.JObject"/> to be parsed.</param>
            <returns>Returns an instance of <see cref="T:Skybrud.Social.Vimeo.Objects.Channels.VimeoChannel"/>.</returns>
        </member>
        <member name="T:Skybrud.Social.Vimeo.Objects.Channels.VimeoChannelPrivacy">
            <summary>
            Class with privacy information about a Vimeo channel.
            </summary>
        </member>
        <member name="P:Skybrud.Social.Vimeo.Objects.Channels.VimeoChannelPrivacy.View">
            <summary>
            Gets the privacy status of the channel.
            </summary>
        </member>
        <member name="M:Skybrud.Social.Vimeo.Objects.Channels.VimeoChannelPrivacy.Parse(Newtonsoft.Json.Linq.JObject)">
            <summary>
            Parses the specified <code>obj</code> into an instance of <see cref="T:Skybrud.Social.Vimeo.Objects.Channels.VimeoChannelPrivacy"/>.
            </summary>
            <param name="obj">The instance of <see cref="T:Newtonsoft.Json.Linq.JObject"/> to be parsed.</param>
            <returns>Returns an instance of <see cref="T:Skybrud.Social.Vimeo.Objects.Channels.VimeoChannelPrivacy"/>.</returns>
        </member>
        <member name="T:Skybrud.Social.Vimeo.Objects.Channels.VimeoChannelPrivacyStatus">
            <summary>
            ENum class representing the privacy status of a Vimeo channel.
            </summary>
        </member>
        <member name="F:Skybrud.Social.Vimeo.Objects.Channels.VimeoChannelPrivacyStatus.Anybody">
            <summary>
            The channel is visible to anybody (public).
            </summary>
        </member>
        <member name="F:Skybrud.Social.Vimeo.Objects.Channels.VimeoChannelPrivacyStatus.Moderators">
            <summary>
            The channel is only visible to moderators.
            </summary>
        </member>
        <member name="F:Skybrud.Social.Vimeo.Objects.Channels.VimeoChannelPrivacyStatus.Users">
            <summary>
            The video is only visible to moderators and selected users.
            </summary>
        </member>
        <member name="M:Skybrud.Social.Vimeo.Objects.Channels.VimeoChannelsCollection.Parse(Newtonsoft.Json.Linq.JObject)">
            <summary>
            Parses the specified <code>obj</code> into an instance of <see cref="T:Skybrud.Social.Vimeo.Objects.Channels.VimeoChannelsCollection"/>.
            </summary>
            <param name="obj">The instance of <see cref="T:Newtonsoft.Json.Linq.JObject"/> to be parsed.</param>
            <returns>Returns an instance of <see cref="T:Skybrud.Social.Vimeo.Objects.Channels.VimeoChannelsCollection"/>.</returns>
        </member>
        <member name="T:Skybrud.Social.Vimeo.Objects.Common.VimeoCollection">
            <summary>
            Class representing a generic collection returned by the Vimeo API.
            </summary>
        </member>
        <member name="P:Skybrud.Social.Vimeo.Objects.Common.VimeoCollection.Total">
            <summary>
            Gets the total amount of items in the collection.
            </summary>
        </member>
        <member name="P:Skybrud.Social.Vimeo.Objects.Common.VimeoCollection.Page">
            <summary>
            Gets the current page.
            </summary>
        </member>
        <member name="P:Skybrud.Social.Vimeo.Objects.Common.VimeoCollection.PerPage">
            <summary>
            Gets the maximum amount of items per page.
            </summary>
        </member>
        <member name="P:Skybrud.Social.Vimeo.Objects.Common.VimeoCollection.Paging">
            <summary>
            Gets pagination URLs about the collection.
            </summary>
        </member>
        <member name="M:Skybrud.Social.Vimeo.Objects.Common.VimeoCollection.Parse(Newtonsoft.Json.Linq.JObject)">
            <summary>
            Parses the specified <code>obj</code> into an instance of <see cref="T:Skybrud.Social.Vimeo.Objects.Common.VimeoCollection"/>.
            </summary>
            <param name="obj">The instance of <see cref="T:Newtonsoft.Json.Linq.JObject"/> to be parsed.</param>
            <returns>Returns an instance of <see cref="T:Skybrud.Social.Vimeo.Objects.Common.VimeoCollection"/>.</returns>
        </member>
        <member name="T:Skybrud.Social.Vimeo.Objects.Common.VimeoPaging">
            <summary>
            Class with pagination about an instance of <see cref="T:Skybrud.Social.Vimeo.Objects.Common.VimeoCollection"/>.
            </summary>
        </member>
        <member name="P:Skybrud.Social.Vimeo.Objects.Common.VimeoPaging.Next">
            <summary>
            Gets the URL for the next page.
            </summary>
        </member>
        <member name="P:Skybrud.Social.Vimeo.Objects.Common.VimeoPaging.Previous">
            <summary>
            Gets the URL for the next page.
            </summary>
        </member>
        <member name="P:Skybrud.Social.Vimeo.Objects.Common.VimeoPaging.First">
            <summary>
            Gets the URL for the next page.
            </summary>
        </member>
        <member name="P:Skybrud.Social.Vimeo.Objects.Common.VimeoPaging.Last">
            <summary>
            Gets the URL for the next page.
            </summary>
        </member>
        <member name="M:Skybrud.Social.Vimeo.Objects.Common.VimeoPaging.Parse(Newtonsoft.Json.Linq.JObject)">
            <summary>
            Parses the specified <code>obj</code> into an instance of <see cref="T:Skybrud.Social.Vimeo.Objects.Common.VimeoPaging"/>.
            </summary>
            <param name="obj">The instance of <see cref="T:Newtonsoft.Json.Linq.JObject"/> to be parsed.</param>
            <returns>Returns an instance of <see cref="T:Skybrud.Social.Vimeo.Objects.Common.VimeoPaging"/>.</returns>
        </member>
        <member name="T:Skybrud.Social.Vimeo.Objects.Common.VimeoRateLimiting">
            <summary>
            Class with rate-limiting information about a response from the Vimeo API.
            </summary>
        </member>
        <member name="P:Skybrud.Social.Vimeo.Objects.Common.VimeoRateLimiting.Limit">
            <summary>
            Gets the total number of calls allowed within the current window.
            </summary>
        </member>
        <member name="P:Skybrud.Social.Vimeo.Objects.Common.VimeoRateLimiting.Remaining">
            <summary>
            Gets the remaining number of calls available to your app within the current window.
            </summary>
        </member>
        <member name="P:Skybrud.Social.Vimeo.Objects.Common.VimeoRateLimiting.Reset">
            <summary>
            Gets the timestamp for when the current window is reset.
            </summary>
        </member>
        <member name="M:Skybrud.Social.Vimeo.Objects.Common.VimeoRateLimiting.GetFromResponse(Skybrud.Social.Http.SocialHttpResponse)">
            <summary>
            Parses rate-limiting information from the specified <code>response</code>.
            </summary>
            <param name="response">The response that holds the rate-limiting information.</param>
            <returns>Returns an instance of <see cref="T:Skybrud.Social.Vimeo.Objects.Common.VimeoRateLimiting"/>.</returns>
        </member>
        <member name="T:Skybrud.Social.Vimeo.Objects.Pictures.VimeoPicture">
            <summary>
            Class representing a Vimeo picture (eg. of a channel or user).
            </summary>
        </member>
        <member name="P:Skybrud.Social.Vimeo.Objects.Pictures.VimeoPicture.Id">
            <summary>
            Gets the ID of the picture.
            </summary>
        </member>
        <member name="P:Skybrud.Social.Vimeo.Objects.Pictures.VimeoPicture.Uri">
            <summary>
            Gets the URI of the picture.
            </summary>
        </member>
        <member name="P:Skybrud.Social.Vimeo.Objects.Pictures.VimeoPicture.IsActive">
            <summary>
            Gets whether the picture is currently active.
            </summary>
        </member>
        <member name="P:Skybrud.Social.Vimeo.Objects.Pictures.VimeoPicture.Type">
            <summary>
            Gets the type of the picture.
            </summary>
        </member>
        <member name="P:Skybrud.Social.Vimeo.Objects.Pictures.VimeoPicture.Sizes">
            <summary>
            Gets the sizes/thumbnails of the picture.
            </summary>
        </member>
        <member name="P:Skybrud.Social.Vimeo.Objects.Pictures.VimeoPicture.ResourceKey">
            <summary>
            Gets the resource key of the channel.
            </summary>
        </member>
        <member name="M:Skybrud.Social.Vimeo.Objects.Pictures.VimeoPicture.Parse(Newtonsoft.Json.Linq.JObject)">
            <summary>
            Parses the specified <code>obj</code> into an instance of <see cref="T:Skybrud.Social.Vimeo.Objects.Pictures.VimeoPicture"/>.
            </summary>
            <param name="obj">The instance of <see cref="T:Newtonsoft.Json.Linq.JObject"/> to be parsed.</param>
            <returns>Returns an instance of <see cref="T:Skybrud.Social.Vimeo.Objects.Pictures.VimeoPicture"/>.</returns>
        </member>
        <member name="T:Skybrud.Social.Vimeo.Objects.Pictures.VimeoPictureSize">
            <summary>
            Class representing a size (thumbnail) of a <see cref="T:Skybrud.Social.Vimeo.Objects.Pictures.VimeoPicture"/>.
            </summary>
        </member>
        <member name="P:Skybrud.Social.Vimeo.Objects.Pictures.VimeoPictureSize.Width">
            <summary>
            Gets the width of the size.
            </summary>
        </member>
        <member name="P:Skybrud.Social.Vimeo.Objects.Pictures.VimeoPictureSize.Height">
            <summary>
            Gets the height of the size.
            </summary>
        </member>
        <member name="P:Skybrud.Social.Vimeo.Objects.Pictures.VimeoPictureSize.Link">
            <summary>
            Gets the URL of the size.
            </summary>
        </member>
        <member name="P:Skybrud.Social.Vimeo.Objects.Pictures.VimeoPictureSize.LinkWithPlayButton">
            <summary>
            Gets the URL of the size with a play button.
            </summary>
        </member>
        <member name="P:Skybrud.Social.Vimeo.Objects.Pictures.VimeoPictureSize.HasLinkWithPlayButton">
            <summary>
            Gets whether the <see cref="P:Skybrud.Social.Vimeo.Objects.Pictures.VimeoPictureSize.LinkWithPlayButton"/> property has a value.
            </summary>
        </member>
        <member name="M:Skybrud.Social.Vimeo.Objects.Pictures.VimeoPictureSize.Parse(Newtonsoft.Json.Linq.JObject)">
            <summary>
            Parses the specified <code>obj</code> into an instance of <see cref="T:Skybrud.Social.Vimeo.Objects.Pictures.VimeoPictureSize"/>.
            </summary>
            <param name="obj">The instance of <see cref="T:Newtonsoft.Json.Linq.JObject"/> to be parsed.</param>
            <returns>Returns an instance of <see cref="T:Skybrud.Social.Vimeo.Objects.Pictures.VimeoPicture"/>.</returns>
        </member>
        <member name="T:Skybrud.Social.Vimeo.Objects.Users.VimeoUser">
            <summary>
            Class describing a Vimeo user.
            </summary>
        </member>
        <member name="P:Skybrud.Social.Vimeo.Objects.Users.VimeoUser.Id">
            <summary>
            Gets the ID of the user. The ID isn't directly specified by the Vimeo API, but is derived from the <see cref="P:Skybrud.Social.Vimeo.Objects.Users.VimeoUser.Uri"/> property.
            </summary>
        </member>
        <member name="P:Skybrud.Social.Vimeo.Objects.Users.VimeoUser.Uri">
            <summary>
            Gets the URI of the Vimeo user.
            </summary>
        </member>
        <member name="P:Skybrud.Social.Vimeo.Objects.Users.VimeoUser.Name">
            <summary>
            Gets the name of the Vimeo user.
            </summary>
        </member>
        <member name="P:Skybrud.Social.Vimeo.Objects.Users.VimeoUser.Link">
            <summary>
            Gets the link (URL for the profile page) of the Vimeo user.
            </summary>
        </member>
        <member name="P:Skybrud.Social.Vimeo.Objects.Users.VimeoUser.Location">
            <summary>
            Gets the location of the user. Use the <see cref="P:Skybrud.Social.Vimeo.Objects.Users.VimeoUser.HasLocation"/> property to check whether a location has been specified.
            </summary>
        </member>
        <member name="P:Skybrud.Social.Vimeo.Objects.Users.VimeoUser.HasLocation">
            <summary>
            Gets whether the user has specified a location. If true, the location can be read from the <see cref="P:Skybrud.Social.Vimeo.Objects.Users.VimeoUser.Location"/> property.
            </summary>
        </member>
        <member name="P:Skybrud.Social.Vimeo.Objects.Users.VimeoUser.Bio">
            <summary>
            Gets the bio of the user. Use the <see cref="P:Skybrud.Social.Vimeo.Objects.Users.VimeoUser.HasBio"/> property to check whether a bio has been specified.
            </summary>
        </member>
        <member name="P:Skybrud.Social.Vimeo.Objects.Users.VimeoUser.HasBio">
            <summary>
            Gets whether the user has specified a bio. If true, the bio can be read from the <see cref="P:Skybrud.Social.Vimeo.Objects.Users.VimeoUser.Bio"/> property.
            </summary>
        </member>
        <member name="P:Skybrud.Social.Vimeo.Objects.Users.VimeoUser.CreatedTime">
            <summary>
            Gets the timestamp for when the user was created.
            </summary>
        </member>
        <member name="P:Skybrud.Social.Vimeo.Objects.Users.VimeoUser.Account">
            <summary>
            Gets the account type of the user.
            </summary>
        </member>
        <member name="P:Skybrud.Social.Vimeo.Objects.Users.VimeoUser.Picture">
            <summary>
            Gets the default picture of the user. Use the <see cref="P:Skybrud.Social.Vimeo.Objects.Users.VimeoUser.HasPicture"/> property to check whether the user
            has a default picture.
            </summary>
        </member>
        <member name="P:Skybrud.Social.Vimeo.Objects.Users.VimeoUser.HasPicture">
            <summary>
            Gets whether the user has default picture. If true, information about the picture can be read from the
            <see cref="P:Skybrud.Social.Vimeo.Objects.Users.VimeoUser.Picture"/> property.
            </summary>
        </member>
        <member name="P:Skybrud.Social.Vimeo.Objects.Users.VimeoUser.Websites">
            <summary>
            Gets an array of websites of the user.
            </summary>
        </member>
        <member name="P:Skybrud.Social.Vimeo.Objects.Users.VimeoUser.HasWebsites">
            <summary>
            Gets whether the user has specified any websites. If true, the websites can be read from the
            <see cref="P:Skybrud.Social.Vimeo.Objects.Users.VimeoUser.Websites"/> property.
            </summary>
        </member>
        <member name="P:Skybrud.Social.Vimeo.Objects.Users.VimeoUser.ResourceKey">
            <summary>
            Gets the resource key of the channel.
            </summary>
        </member>
        <member name="M:Skybrud.Social.Vimeo.Objects.Users.VimeoUser.Parse(Newtonsoft.Json.Linq.JObject)">
            <summary>
            Parses the specified <code>obj</code> into an instance of <see cref="T:Skybrud.Social.Vimeo.Objects.Users.VimeoUser"/>.
            </summary>
            <param name="obj">The instance of <see cref="T:Newtonsoft.Json.Linq.JObject"/> to be parsed.</param>
            <returns>Returns an instance of <see cref="T:Skybrud.Social.Vimeo.Objects.Users.VimeoUser"/>.</returns>
        </member>
        <member name="T:Skybrud.Social.Vimeo.Objects.Users.VimeoUserAccountType">
            <summary>
            Indicates the account type of a Vimeo user.
            </summary>
        </member>
        <member name="F:Skybrud.Social.Vimeo.Objects.Users.VimeoUserAccountType.Basic">
            <summary>
            Indicates a user with a basic membership (free).
            </summary>
        </member>
        <member name="F:Skybrud.Social.Vimeo.Objects.Users.VimeoUserAccountType.Business">
            <summary>
            Indicates a user with a <strong>Business</strong> membership.
            </summary>
        </member>
        <member name="F:Skybrud.Social.Vimeo.Objects.Users.VimeoUserAccountType.Plus">
            <summary>
            Indicates a user with a <strong>Plus</strong> membership.
            </summary>
        </member>
        <member name="F:Skybrud.Social.Vimeo.Objects.Users.VimeoUserAccountType.Pro">
            <summary>
            Indicates a user with a <strong>Pro</strong> membership.
            </summary>
        </member>
        <member name="T:Skybrud.Social.Vimeo.Objects.Users.VimeoUserWebsite">
            <summary>
            Class describing a website of a Vimeo user.
            </summary>
        </member>
        <member name="P:Skybrud.Social.Vimeo.Objects.Users.VimeoUserWebsite.Name">
            <summary>
            Gets the name of the website.
            </summary>
        </member>
        <member name="P:Skybrud.Social.Vimeo.Objects.Users.VimeoUserWebsite.Link">
            <summary>
            Gets the link (URL) of the website.
            </summary>
        </member>
        <member name="P:Skybrud.Social.Vimeo.Objects.Users.VimeoUserWebsite.Description">
            <summary>
            Gets the description of the website. Use the <see cref="P:Skybrud.Social.Vimeo.Objects.Users.VimeoUserWebsite.HasDescription"/> property to check whether a
            description has been specified.
            </summary>
        </member>
        <member name="P:Skybrud.Social.Vimeo.Objects.Users.VimeoUserWebsite.HasDescription">
            <summary>
            Gets whether the website has a description. If true, the description can be read from the
            <see cref="P:Skybrud.Social.Vimeo.Objects.Users.VimeoUserWebsite.Description"/> property.
            </summary>
        </member>
        <member name="M:Skybrud.Social.Vimeo.Objects.Users.VimeoUserWebsite.Parse(Newtonsoft.Json.Linq.JObject)">
            <summary>
            Parses the specified <code>obj</code> into an instance of <see cref="T:Skybrud.Social.Vimeo.Objects.Users.VimeoUserWebsite"/>.
            </summary>
            <param name="obj">The instance of <see cref="T:Newtonsoft.Json.Linq.JObject"/> to be parsed.</param>
            <returns>Returns an instance of <see cref="T:Skybrud.Social.Vimeo.Objects.Users.VimeoUserWebsite"/>.</returns>
        </member>
        <member name="T:Skybrud.Social.Vimeo.Objects.Videos.VimeoVideo">
            <summary>
            Class describing a Vimeo video.
            </summary>
        </member>
        <member name="P:Skybrud.Social.Vimeo.Objects.Videos.VimeoVideo.Id">
            <summary>
            Gets the ID of the video. The ID isn't directly specified by the Vimeo API, but is derived from the <see cref="P:Skybrud.Social.Vimeo.Objects.Videos.VimeoVideo.Uri"/> property.
            </summary>
        </member>
        <member name="P:Skybrud.Social.Vimeo.Objects.Videos.VimeoVideo.Uri">
            <summary>
            Gets the URI of the Vimeo video.
            </summary>
        </member>
        <member name="P:Skybrud.Social.Vimeo.Objects.Videos.VimeoVideo.Name">
            <summary>
            Gets the name of the Vimeo video.
            </summary>
        </member>
        <member name="P:Skybrud.Social.Vimeo.Objects.Videos.VimeoVideo.Description">
            <summary>
            Gets the description of the Vimeo video.
            </summary>
        </member>
        <member name="P:Skybrud.Social.Vimeo.Objects.Videos.VimeoVideo.HasDescription">
            <summary>
            Gets whether the video has a description. If true, the description can be read from the
            <see cref="P:Skybrud.Social.Vimeo.Objects.Videos.VimeoVideo.Description"/> property.
            </summary>
        </member>
        <member name="P:Skybrud.Social.Vimeo.Objects.Videos.VimeoVideo.Link">
            <summary>
            Gets the link (URL for the video page) of the Vimeo video.
            </summary>
        </member>
        <member name="P:Skybrud.Social.Vimeo.Objects.Videos.VimeoVideo.Duration">
            <summary>
            Gets the duration of the video.
            </summary>
        </member>
        <member name="P:Skybrud.Social.Vimeo.Objects.Videos.VimeoVideo.Width">
            <summary>
            Gets the width of the video.
            </summary>
        </member>
        <member name="P:Skybrud.Social.Vimeo.Objects.Videos.VimeoVideo.Language">
            <summary>
            Gets the language of the video.
            </summary>
        </member>
        <member name="P:Skybrud.Social.Vimeo.Objects.Videos.VimeoVideo.Height">
            <summary>
            Gets the height of the video.
            </summary>
        </member>
        <member name="P:Skybrud.Social.Vimeo.Objects.Videos.VimeoVideo.CreatedTime">
            <summary>
            Gets the timestamp for when the video was created.
            </summary>
        </member>
        <member name="P:Skybrud.Social.Vimeo.Objects.Videos.VimeoVideo.ModifiedTime">
            <summary>
            Gets the timestamp for when the video was last modified.
            </summary>
        </member>
        <member name="P:Skybrud.Social.Vimeo.Objects.Videos.VimeoVideo.ReleaseTime">
            <summary>
            Gets the timestamp for when the video was released.
            </summary>
        </member>
        <member name="P:Skybrud.Social.Vimeo.Objects.Videos.VimeoVideo.ResourceKey">
            <summary>
            Gets the resource key of the video.
            </summary>
        </member>
        <member name="M:Skybrud.Social.Vimeo.Objects.Videos.VimeoVideo.Parse(Newtonsoft.Json.Linq.JObject)">
            <summary>
            Parses the specified <code>obj</code> into an instance of <see cref="T:Skybrud.Social.Vimeo.Objects.Videos.VimeoVideo"/>.
            </summary>
            <param name="obj">The instance of <see cref="T:Newtonsoft.Json.Linq.JObject"/> to be parsed.</param>
            <returns>Returns an instance of <see cref="T:Skybrud.Social.Vimeo.Objects.Videos.VimeoVideo"/>.</returns>
        </member>
        <member name="T:Skybrud.Social.Vimeo.Objects.VimeoObject">
            <summary>
            Class representing a basic object from the Vimeo API derived from an instance of <see cref="T:Newtonsoft.Json.Linq.JObject"/>.
            </summary>
        </member>
        <member name="M:Skybrud.Social.Vimeo.Objects.VimeoObject.#ctor(Newtonsoft.Json.Linq.JObject)">
            <summary>
            Parses the specified <code>obj</code> into an instance of <see cref="T:Skybrud.Social.Vimeo.Objects.VimeoObject"/>.
            </summary>
            <param name="obj">The instance of <see cref="T:Newtonsoft.Json.Linq.JObject"/> to be parsed.</param>
        </member>
        <member name="T:Skybrud.Social.Vimeo.Options.Channels.VimeoGetChannelVideosOptions">
            <summary>
            Class representing the options for getting a list of videos of a channel.
            </summary>
        </member>
        <member name="P:Skybrud.Social.Vimeo.Options.Channels.VimeoGetChannelVideosOptions.ChannelId">
            <summary>
            Gets or sets the ID of the channel.
            </summary>
        </member>
        <member name="P:Skybrud.Social.Vimeo.Options.Channels.VimeoGetChannelVideosOptions.Query">
            <summary>
            Gets or sets a text based query the videos should match.
            </summary>
        </member>
        <member name="P:Skybrud.Social.Vimeo.Options.Channels.VimeoGetChannelVideosOptions.Sort">
            <summary>
            Gets or sets the field to be sorted by.
            </summary>
        </member>
        <member name="P:Skybrud.Social.Vimeo.Options.Channels.VimeoGetChannelVideosOptions.Direction">
            <summary>
            Gets or sets the sort direction.
            </summary>
        </member>
        <member name="M:Skybrud.Social.Vimeo.Options.Channels.VimeoGetChannelVideosOptions.#ctor">
            <summary>
            Initializes a new instance with default options.
            </summary>
        </member>
        <member name="M:Skybrud.Social.Vimeo.Options.Channels.VimeoGetChannelVideosOptions.#ctor(System.Int64,System.Int32,System.Int32)">
            <summary>
            Initializes a new instance with the specified options.
            </summary>
            <param name="channelId">The ID of the channel.</param>
            <param name="page">The page to be returned.</param>
            <param name="perPage">The maximum amount of pages to be returned per page.</param>
        </member>
        <member name="T:Skybrud.Social.Vimeo.Options.Users.VimeoGetUserChannelsOptions">
            <summary>
            Class representing the options for getting a list of user channels.
            </summary>
        </member>
        <member name="P:Skybrud.Social.Vimeo.Options.Users.VimeoGetUserChannelsOptions.UserId">
            <summary>
            Gets or sets the ID of the parent user.
            </summary>
        </member>
        <member name="P:Skybrud.Social.Vimeo.Options.Users.VimeoGetUserChannelsOptions.HasUserId">
            <summary>
            Gets whether a user ID has been specified.
            </summary>
        </member>
        <member name="P:Skybrud.Social.Vimeo.Options.Users.VimeoGetUserChannelsOptions.Username">
            <summary>
            Gets or sets the username of the parent user.
            </summary>
        </member>
        <member name="P:Skybrud.Social.Vimeo.Options.Users.VimeoGetUserChannelsOptions.HasUsername">
            <summary>
            Gets whether a username has been specified.
            </summary>
        </member>
        <member name="M:Skybrud.Social.Vimeo.Options.Users.VimeoGetUserChannelsOptions.#ctor">
            <summary>
            Initializes a new instance with default options.
            </summary>
        </member>
        <member name="M:Skybrud.Social.Vimeo.Options.Users.VimeoGetUserChannelsOptions.#ctor(System.Int64,System.Int32,System.Int32)">
            <summary>
            Initializes a new instance with the specified options.
            </summary>
            <param name="userId">The ID of the parent user.</param>
            <param name="page">The page to be returned.</param>
            <param name="perPage">The maximum amount of pages to be returned per page.</param>
        </member>
        <member name="M:Skybrud.Social.Vimeo.Options.Users.VimeoGetUserChannelsOptions.#ctor(System.String,System.Int32,System.Int32)">
            <summary>
            Initializes a new instance with the specified options.
            </summary>
            <param name="username">The username of the parent user.</param>
            <param name="page">The page to be returned.</param>
            <param name="perPage">The maximum amount of pages to be returned per page.</param>
        </member>
        <member name="T:Skybrud.Social.Vimeo.Options.VimeoPaginationOptions">
            <summary>
            Class with basic options for a paginated request to the Vimeo API.
            </summary>
        </member>
        <member name="P:Skybrud.Social.Vimeo.Options.VimeoPaginationOptions.Page">
            <summary>
            Gets or sets the page to show.
            </summary>
        </member>
        <member name="P:Skybrud.Social.Vimeo.Options.VimeoPaginationOptions.PerPage">
            <summary>
            Gets or sets the maximum amount of items per page.
            </summary>
        </member>
        <member name="M:Skybrud.Social.Vimeo.Options.VimeoPaginationOptions.#ctor">
            <summary>
            Initializes a new instance with default options.
            </summary>
        </member>
        <member name="M:Skybrud.Social.Vimeo.Options.VimeoPaginationOptions.#ctor(System.Int32,System.Int32)">
            <summary>
            Initializes a new instance with specified options.
            </summary>
            <param name="page">The page to show.</param>
            <param name="perPage">The maximum amount of items per page.</param>
        </member>
        <member name="T:Skybrud.Social.Vimeo.Responses.Authentication.VimeoTokenResponse">
            <summary>
            Class representing a response with information about an access token.
            </summary>
        </member>
        <member name="M:Skybrud.Social.Vimeo.Responses.Authentication.VimeoTokenResponse.ParseResponse(Skybrud.Social.Http.SocialHttpResponse)">
            <summary>
            Parses the specified <code>response</code> into an instance of <see cref="T:Skybrud.Social.Vimeo.Responses.Authentication.VimeoTokenResponse"/>.
            </summary>
            <param name="response">The instance of <see cref="T:Skybrud.Social.Http.SocialHttpResponse"/> representing the raw response.</param>
            <returns>Returns an instance of <see cref="T:Skybrud.Social.Vimeo.Responses.Authentication.VimeoTokenResponse"/> representing the response.</returns>
        </member>
        <member name="T:Skybrud.Social.Vimeo.Responses.Channels.VimeoGetChannelResponse">
            <summary>
            Class representing a response with information about a Vimeo channel.
            </summary>
        </member>
        <member name="M:Skybrud.Social.Vimeo.Responses.Channels.VimeoGetChannelResponse.ParseResponse(Skybrud.Social.Http.SocialHttpResponse)">
            <summary>
            Parses the specified <code>response</code> into an instance of <see cref="T:Skybrud.Social.Vimeo.Responses.Channels.VimeoGetChannelResponse"/>.
            </summary>
            <param name="response">The instance of <see cref="T:Skybrud.Social.Http.SocialHttpResponse"/> representing the raw response.</param>
            <returns>Returns an instance of <see cref="T:Skybrud.Social.Vimeo.Responses.Channels.VimeoGetChannelResponse"/> representing the response.</returns>
        </member>
        <member name="T:Skybrud.Social.Vimeo.Responses.Channels.VimeoGetChannelVideosResponse">
            <summary>
            Class representing a response with collection of Vimeo videos.
            </summary>
        </member>
        <member name="M:Skybrud.Social.Vimeo.Responses.Channels.VimeoGetChannelVideosResponse.ParseResponse(Skybrud.Social.Http.SocialHttpResponse)">
            <summary>
            Parses the specified <code>response</code> into an instance of <see cref="T:Skybrud.Social.Vimeo.Responses.Channels.VimeoGetChannelVideosResponse"/>.
            </summary>
            <param name="response">The instance of <see cref="T:Skybrud.Social.Http.SocialHttpResponse"/> representing the raw response.</param>
            <returns>Returns an instance of <see cref="T:Skybrud.Social.Vimeo.Responses.Channels.VimeoGetChannelVideosResponse"/> representing the response.</returns>
        </member>
        <member name="T:Skybrud.Social.Vimeo.Responses.Users.VimeoGetUserChannelsResponse">
            <summary>
            Class representing the response containing a collection of Vimeo channels.
            </summary>
        </member>
        <member name="M:Skybrud.Social.Vimeo.Responses.Users.VimeoGetUserChannelsResponse.ParseResponse(Skybrud.Social.Http.SocialHttpResponse)">
            <summary>
            Parses the specified <code>response</code> into an instance of <see cref="T:Skybrud.Social.Vimeo.Responses.Users.VimeoGetUserChannelsResponse"/>.
            </summary>
            <param name="response">The instance of <see cref="T:Skybrud.Social.Http.SocialHttpResponse"/> representing the raw response.</param>
            <returns>Returns an instance of <see cref="T:Skybrud.Social.Vimeo.Responses.Users.VimeoGetUserChannelsResponse"/> representing the response.</returns>
        </member>
        <member name="T:Skybrud.Social.Vimeo.Responses.Users.VimeoGetUserResponse">
            <summary>
            Class representing a response with information about a Vimeo user.
            </summary>
        </member>
        <member name="M:Skybrud.Social.Vimeo.Responses.Users.VimeoGetUserResponse.ParseResponse(Skybrud.Social.Http.SocialHttpResponse)">
            <summary>
            Parses the specified <code>response</code> into an instance of <see cref="T:Skybrud.Social.Vimeo.Responses.Users.VimeoGetUserResponse"/>.
            </summary>
            <param name="response">The instance of <see cref="T:Skybrud.Social.Http.SocialHttpResponse"/> representing the raw response.</param>
            <returns>Returns an instance of <see cref="T:Skybrud.Social.Vimeo.Responses.Users.VimeoGetUserResponse"/> representing the response.</returns>
        </member>
        <member name="T:Skybrud.Social.Vimeo.Responses.VimeoResponse">
            <summary>
            Class representing a response from the Vimeo API.
            </summary>
        </member>
        <member name="P:Skybrud.Social.Vimeo.Responses.VimeoResponse.RateLimiting">
            <summary>
            Gets information about rate limiting.
            </summary>
        </member>
        <member name="M:Skybrud.Social.Vimeo.Responses.VimeoResponse.#ctor(Skybrud.Social.Http.SocialHttpResponse)">
            <summary>
            Initializes a new instance based on the specified <code>response</code>.
            </summary>
            <param name="response">The instance of <see cref="T:Skybrud.Social.Http.SocialHttpResponse"/> representing the raw response.</param>
        </member>
        <member name="M:Skybrud.Social.Vimeo.Responses.VimeoResponse.ValidateResponse(Skybrud.Social.Http.SocialHttpResponse)">
            <summary>
            Validates the specified <code>response</code>.
            </summary>
            <param name="response">The instance of <see cref="T:Skybrud.Social.Http.SocialHttpResponse"/> representing the raw response.</param>
        </member>
        <member name="T:Skybrud.Social.Vimeo.Responses.VimeoResponse`1">
            <summary>
            Class representing a response from the Vimeo API.
            </summary>
        </member>
        <member name="P:Skybrud.Social.Vimeo.Responses.VimeoResponse`1.Body">
            <summary>
            Gets the body of the response.
            </summary>
        </member>
        <member name="M:Skybrud.Social.Vimeo.Responses.VimeoResponse`1.#ctor(Skybrud.Social.Http.SocialHttpResponse)">
            <summary>
            Initializes a new instance based on the specified <code>response</code>.
            </summary>
            <param name="response">The instance of <see cref="T:Skybrud.Social.Http.SocialHttpResponse"/> representing the raw response.</param>
        </member>
        <member name="T:Skybrud.Social.Vimeo.Scopes.VimeoScope">
            <summary>
            Class representing a scope of the Vimeo API.
            </summary>
            <see>
                <cref>https://developer.vimeo.com/api/authentication#supported-scopes</cref>
            </see>
        </member>
        <member name="F:Skybrud.Social.Vimeo.Scopes.VimeoScope.Private">
            <summary>
            View private videos.
            </summary>
        </member>
        <member name="F:Skybrud.Social.Vimeo.Scopes.VimeoScope.Public">
            <summary>
            View public videos.
            </summary>
        </member>
        <member name="F:Skybrud.Social.Vimeo.Scopes.VimeoScope.Purchased">
            <summary>
            View Vimeo On Demand purchase history.
            </summary>
        </member>
        <member name="F:Skybrud.Social.Vimeo.Scopes.VimeoScope.Purchase">
            <summary>
            Purchase Vimeo On Demand videos.
            </summary>
        </member>
        <member name="F:Skybrud.Social.Vimeo.Scopes.VimeoScope.Create">
            <summary>
            Create new videos, groups, albums, etc.
            </summary>
        </member>
        <member name="F:Skybrud.Social.Vimeo.Scopes.VimeoScope.Edit">
            <summary>
            Edit videos, groups, albums, etc.
            </summary>
        </member>
        <member name="F:Skybrud.Social.Vimeo.Scopes.VimeoScope.Delete">
            <summary>
            Delete videos, groups, albums, etc.
            </summary>
        </member>
        <member name="F:Skybrud.Social.Vimeo.Scopes.VimeoScope.Interact">
            <summary>
            Interact with a video on behalf of a user, such as liking a video or adding it to your Watch Later list.
            </summary>
        </member>
        <member name="F:Skybrud.Social.Vimeo.Scopes.VimeoScope.Upload">
            <summary>
            Upload a video.
            </summary>
        </member>
        <member name="F:Skybrud.Social.Vimeo.Scopes.VimeoScope.PromoCodes">
            <summary>
            Manage Vimeo On Demand promotions.
            </summary>
        </member>
        <member name="F:Skybrud.Social.Vimeo.Scopes.VimeoScope.VideoFiles">
            <summary>
            Access additional video files owned by the authenticated user.
            </summary>
        </member>
        <member name="P:Skybrud.Social.Vimeo.Scopes.VimeoScope.All">
            <summary>
            Gets an array of all available scopes.
            </summary>
        </member>
        <member name="P:Skybrud.Social.Vimeo.Scopes.VimeoScope.Alias">
            <summary>
            Gets the alias of the scope.
            </summary>
        </member>
        <member name="P:Skybrud.Social.Vimeo.Scopes.VimeoScope.Name">
            <summary>
            Gets the name of the scope.
            </summary>
        </member>
        <member name="P:Skybrud.Social.Vimeo.Scopes.VimeoScope.Description">
            <summary>
            Gets the description of the scope.
            </summary>
        </member>
        <member name="M:Skybrud.Social.Vimeo.Scopes.VimeoScope.#ctor(System.String,System.String,System.String)">
            <summary>
            Initializes a new scope based on the specified <code>alias</code>, <code>name</code> and <code>description</code>.
            </summary>
            <param name="alias">The alias of the scope.</param>
            <param name="name">The name of the scope.</param>
            <param name="description">The description of the scope.</param>
        </member>
        <member name="T:Skybrud.Social.Vimeo.Scopes.VimeoScopeCollection">
            <summary>
            Class representing a collection of scopes for the Vimeo API.
            </summary>
        </member>
        <member name="P:Skybrud.Social.Vimeo.Scopes.VimeoScopeCollection.Items">
            <summary>
            Gets an array of all the scopes added to the collection.
            </summary>
        </member>
        <member name="M:Skybrud.Social.Vimeo.Scopes.VimeoScopeCollection.#ctor(Skybrud.Social.Vimeo.Scopes.VimeoScope[])">
            <summary>
            Initializes a new collection based on the specified <code>array</code> of scopes.
            </summary>
            <param name="array">Array of scopes.</param>
        </member>
        <member name="M:Skybrud.Social.Vimeo.Scopes.VimeoScopeCollection.#ctor(System.Collections.Generic.IEnumerable{Skybrud.Social.Vimeo.Scopes.VimeoScope})">
            <summary>
            Initializes a new collection based on the specified <code>collection</code> of scopes.
            </summary>
            <param name="collection">Collection of scopes.</param>
        </member>
        <member name="M:Skybrud.Social.Vimeo.Scopes.VimeoScopeCollection.Add(Skybrud.Social.Vimeo.Scopes.VimeoScope)">
            <summary>
            Adds the specified <code>scope</code> to the collection.
            </summary>
            <param name="scope">The scope to be added.</param>
        </member>
        <member name="M:Skybrud.Social.Vimeo.Scopes.VimeoScopeCollection.ToArray">
            <summary>
            Returns an array of scopes based on the collection.
            </summary>
            <returns>Array of scopes contained in the location.</returns>
        </member>
        <member name="M:Skybrud.Social.Vimeo.Scopes.VimeoScopeCollection.ToStringArray">
            <summary>
            Returns an array of strings representing each scope in the collection.
            </summary>
            <returns>Array of strings representing each scope in the collection.</returns>
        </member>
        <member name="M:Skybrud.Social.Vimeo.Scopes.VimeoScopeCollection.GetEnumerator">
            <summary>
            Returns an enumerator that iterates through the collection of scopes.
            </summary>
        </member>
        <member name="M:Skybrud.Social.Vimeo.Scopes.VimeoScopeCollection.ToString">
            <summary>
            Returns a string representing the scopes added to the collection using a space as a separator.
            </summary>
            <returns>String of scopes separated by a space.</returns>
        </member>
        <member name="M:Skybrud.Social.Vimeo.Scopes.VimeoScopeCollection.Parse(System.String)">
            <summary>
            Parses the specified space separated string into an instance of <see cref="T:Skybrud.Social.Vimeo.Scopes.VimeoScopeCollection"/>.
            </summary>
            <param name="str">String containing the individual scopes.</param>
            <returns>Returns an instance of <see cref="T:Skybrud.Social.Vimeo.Scopes.VimeoScopeCollection"/> with the specified scopes.</returns>
        </member>
        <member name="M:Skybrud.Social.Vimeo.Scopes.VimeoScopeCollection.op_Implicit(Skybrud.Social.Vimeo.Scopes.VimeoScope)~Skybrud.Social.Vimeo.Scopes.VimeoScopeCollection">
            <summary>
            Initializes a new collection based on a single <code>scope</code>.
            </summary>
            <param name="scope">The scope the collection should be based on.</param>
            <returns>Returns a new collection based on a single <code>scope</code>.</returns>
        </member>
        <member name="M:Skybrud.Social.Vimeo.Scopes.VimeoScopeCollection.op_Implicit(Skybrud.Social.Vimeo.Scopes.VimeoScope[])~Skybrud.Social.Vimeo.Scopes.VimeoScopeCollection">
            <summary>
            Initializes a new collection based on an <code>array</code> of scopes.
            </summary>
            <param name="array">The array of scopes the collection should be based on.</param>
            <returns>Returns a new collection based on an <code>array</code> of scopes.</returns>
        </member>
        <member name="M:Skybrud.Social.Vimeo.Scopes.VimeoScopeCollection.op_Addition(Skybrud.Social.Vimeo.Scopes.VimeoScopeCollection,Skybrud.Social.Vimeo.Scopes.VimeoScope)">
            <summary>
            Adds support for adding a <code>scope</code> to the <code>collection</code> using the plus operator.
            </summary>
            <param name="collection">The collection to which <code>scope</code> will be added.</param>
            <param name="scope">The scope to be added to the <code>collection</code>.</param>
        </member>
        <member name="T:Skybrud.Social.Vimeo.VimeoService">
            <summary>
            Class working as an entry point to the Vimeo API.
            </summary>
            <see>
                <cref>https://developer.vimeo.com/api/start</cref>
            </see>
            <see>
                <cref>https://developer.vimeo.com/api/endpoints</cref>
            </see>
        </member>
        <member name="P:Skybrud.Social.Vimeo.VimeoService.Client">
            <summary>
            Gets a reference to the internal OAuth client for communication with the Vimeo API.
            </summary>
        </member>
        <member name="P:Skybrud.Social.Vimeo.VimeoService.Channels">
            <summary>
            Gets a reference to the <strong>Channels</strong> endpoint.
            </summary>
        </member>
        <member name="P:Skybrud.Social.Vimeo.VimeoService.Me">
            <summary>
            Gets a reference to the <strong>Me</strong> endpoint.
            </summary>
        </member>
        <member name="P:Skybrud.Social.Vimeo.VimeoService.Users">
            <summary>
            Gets a reference to the <strong>Users</strong> endpoint.
            </summary>
        </member>
        <member name="M:Skybrud.Social.Vimeo.VimeoService.#ctor(Skybrud.Social.Vimeo.Interfaces.IVimeoOAuthClient)">
            <summary>
            Initializes a new service instance based on the specified <see cref="T:Skybrud.Social.Vimeo.Interfaces.IVimeoOAuthClient"/>.
            </summary>
            <param name="client">An instance of <see cref="T:Skybrud.Social.Vimeo.Interfaces.IVimeoOAuthClient"/>.</param>
        </member>
        <member name="M:Skybrud.Social.Vimeo.VimeoService.CreateFromAccessToken(System.String)">
            <summary>
            Initialize a new service instance from the specified access token. Internally a new OAuth 20. client will be
            initialized from the access token.
            </summary>
            <param name="accessToken">The access token.</param>
            <returns>Returns the created instance of <see cref="T:Skybrud.Social.Vimeo.VimeoService" />.</returns>
        </member>
        <member name="M:Skybrud.Social.Vimeo.VimeoService.CreateFromOAuthClient(Skybrud.Social.Vimeo.Interfaces.IVimeoOAuthClient)">
            <summary>
            Initialize a new service instance from the specified OAuth client.
            </summary>
            <param name="client">The OAuth client.</param>
            <returns>Returns the created instance of <see cref="T:Skybrud.Social.Vimeo.VimeoService" />.</returns>
        </member>
    </members>
</doc>
